Product Name,Region,Orders,Sales,Units,Gross_Profit,Avg_Lead_Time,Avg_Profit_Margin
Kazookles,Atlantic,36,484.25,149,37.25,1273.1081081081081,7.692307692307693
Kazookles,Pacific,29,341.25,105,26.25,1309.4666666666667,7.6923076923076925
Lickable Wallpaper,Atlantic,34,2780.0,139,1390.0,1387.8285714285714,50.0
Lickable Wallpaper,Pacific,34,2920.0,146,1460.0,1305.5294117647059,50.0
Wonka Bar - Fudge Mallows,Atlantic,455,7228.8,2008,4819.2,1321.1715328467153,66.66666666666666
Wonka Bar - Fudge Mallows,Gulf,243,3895.2000000000003,1082,2596.8,1304.5807560137457,66.66666666666666
Wonka Bar - Fudge Mallows,Interior,348,5742.0,1595,3828.0,1311.570731707317,66.66666666666666
Wonka Bar - Fudge Mallows,Pacific,481,8024.400000000001,2229,5349.6,1314.4340949033392,66.66666666666666
Wonka Bar - Milk Chocolate,Atlantic,510,7592.0,2336,4928.96,1309.320813771518,64.92307692307692
Wonka Bar - Milk Chocolate,Gulf,281,4407.0,1356,2861.16,1289.7327327327328,64.92307692307693
Wonka Bar - Milk Chocolate,Interior,425,6074.25,1869,3943.59,1331.9779559118238,64.92307692307693
Wonka Bar - Milk Chocolate,Pacific,552,8794.5,2706,5709.66,1326.0240240240241,64.92307692307693
Wonka Bar - Nutty Crunch Surprise,Atlantic,410,6480.93,1857,4623.93,1360.426530612245,71.34670487106017
Wonka Bar - Nutty Crunch Surprise,Gulf,251,3797.1200000000003,1088,2709.12,1322.6148648648648,71.34670487106017
Wonka Bar - Nutty Crunch Surprise,Interior,385,5912.06,1694,4218.06,1329.8473451327434,71.34670487106017
Wonka Bar - Nutty Crunch Surprise,Pacific,483,7384.84,2116,5268.84,1304.4458041958042,71.34670487106017
Wonka Bar - Triple Dazzle Caramel,Atlantic,463,7822.5,2086,5110.7,1323.578853046595,65.33333333333333
Wonka Bar - Triple Dazzle Caramel,Gulf,266,4586.25,1223,2996.35,1328.669696969697,65.33333333333333
Wonka Bar - Triple Dazzle Caramel,Interior,377,6345.0,1692,4145.4,1316.3348115299334,65.33333333333334
Wonka Bar - Triple Dazzle Caramel,Pacific,571,9731.25,2595,6357.75,1332.1331360946745,65.33333333333334
Wonka Bar -Scrumdiddlyumptious,Atlantic,513,8456.4,2349,5872.5,1305.370786516854,69.44444444444444
Wonka Bar -Scrumdiddlyumptious,Gulf,251,4330.8,1203,3007.5,1314.5451612903225,69.44444444444444
Wonka Bar -Scrumdiddlyumptious,Interior,380,6202.8,1723,4307.5,1329.9084967320262,69.44444444444444
Wonka Bar -Scrumdiddlyumptious,Pacific,560,8884.8,2468,6170.0,1331.282738095238,69.44444444444444
Wonka Gum,Atlantic,36,211.25,169,109.85,1312.7567567567567,52.0
Wonka Gum,Gulf,25,150.0,120,78.0,1343.6923076923076,52.0
Wonka Gum,Interior,29,140.0,112,72.8,1260.2068965517242,52.0
Wonka Gum,Pacific,28,96.25,77,50.05,1311.75,52.0
